# Original blobs at 78bb80a8e596e4c14ae57c8448f5fca75f91f2b0, root 369a0ac9e63bfff8d377c5605eb2c82aa5f566c1.
LICENSE-APACHE	d645695673349e3947e8e5ae42332d0ac3164cd7
LICENSE-MIT	bbfcfef6f0e6bee70de0c467e8e29985376cecd4
src/command/execute.rs	19702f883ca71322913461753f919f7b51b54c9d
src/command/from_bytes.rs	3783d51cdbdd4b8cf8c4d9cf623c5f5deb878417
src/command/mod.rs	2b2f2c8c06486100df2a442fcb05e51073c7c7ad
src/command/to_bytes.rs	409832de5c673492bc4e54379159389800ea0c6d
src/command_code.rs	ab5e18f3ab8ab25aef24db8698dd64f666dba833
src/enum.rs	6449b08468fa3b33845c0a3812dc36230e25f938
src/generic_error.rs	3e2439b821edbb8be88588e9993cf99692969c8b
src/key.rs	65575e4299032b95701e4e2d5d10b8b7728d7125
src/lib.rs	41e143e8295c577d303a8dd3620fd1d90e12654f
src/linux_common/ffi/input_event_codes.rs	72964fa14da45aefd41f269f88d32d6ddccc6a32
src/linux_common/ffi/mod.rs	59c92e3a30ea265654f4f91a113a20eda2e61ba1
src/linux_common/key_code.rs	64d5c97eb962d98f698a9416baa422ade7ab1156
src/linux_common/mod.rs	f439619d80648fee921951d597bca7e9e2d3260d
src/linux_common/scroll.rs	f64a620f5d398376cf8de161223a740857d60d86
src/linux_x11/error.rs	a585793fa2de9f0bbe62e6f69721e5d700ca0ace
src/linux_x11/ffi/mod.rs	07f7429fcfba5fd5564304f1d2b7fe50095805db
src/linux_x11/ffi/xkb.rs	5bcfe3ea490db494c4ddc03efb9d0d8665119ca9
src/linux_x11/ffi/xkbcommon.rs	b990538e21ad8120bda94604edbe143b2de3e5c6
src/linux_x11/ffi/xlib.rs	28fa93f87afd9fe51f605ddc2fac5a1773d2ca5f
src/linux_x11/ffi/xtest.rs	982ff3cd3c82845e37bf9defbeb7177030080f00
src/linux_x11/keyboard.rs	962650ffa0c9c697bd12ce53c024261f0660a0f9
src/linux_x11/mod.rs	a029a61477a3480664c60382154753bce134a417
src/linux_x11/mouse.rs	cde43fb31d83df5a8647aebcc3e2ca3f2380b642
src/linux_x11/screen.rs	efbf9b3d122d5d868af1a75a1dde1edeb8e88242
src/macos/error.rs	e5375151fd6e1af64567dc30279e4c9b3e560d82
src/macos/ffi/carbon_events.rs	6ef3e0adee715eb4d23c8c57b866204e8a2b8c3f
src/macos/ffi/carbon_textinputsources.rs	947a76d60b317b7f17fe5d6aa47a66caf29daf4a
src/macos/ffi/carbon_unicodeutilities.rs	0284ba56bf0895dcb38f9f67a3ca990dc2c72151
src/macos/ffi/cfbase.rs	d6d5f9ee4da2e4c202028b75afc2113cda958e04
src/macos/ffi/cfdata.rs	6d1cf595544d569fe3ea1eab09a0baa133020cb3
src/macos/ffi/io_graphicstypes.rs	469947d7635e47bab5b439add36fe248178d71e2
src/macos/ffi/io_hidlib.rs	6051c6db18d8d80f4f568bab0736b1013f32118c
src/macos/ffi/io_hidshared.rs	92f1b825655d4a90a1a8781d6311ccd8be297d01
src/macos/ffi/io_keymap.rs	45f627d2b1d91caba7ab96eee2f406bfe488c7ba
src/macos/ffi/io_kitlib.rs	5442fd9bd9abdd28dafde9de6259b86929da0d2f
src/macos/ffi/io_llevent.rs	c7f0a6ce2825a3c2798171c9f616d96e351e62ac
src/macos/ffi/io_return.rs	400794dd99c90bbed323d2967bb5e0c479d8392d
src/macos/ffi/io_types.rs	b0a79ee6781014099f606b11f87fdffddb792e63
src/macos/ffi/mach.rs	2ac17fcd90ab69db5238f7b5ebd0460fed191e27
src/macos/ffi/mactypes.rs	2ad89597c1720669ac3093532b6323beca35d171
src/macos/ffi/mod.rs	15f9ae9d95b1208eaeaf9b5b6040d573560ba442
src/macos/keyboard.rs	d19d530de15385ff2466c5baff95d45132525ee5
src/macos/mod.rs	53c5112e0237c8f1ce1520035c5e9123877763cf
src/macos/mouse.rs	df02af00246f46370013c1cc6bdf7b6720d3d188
src/macos/screen.rs	886ca7c92dd8f4e1983d7227e6fc6e5616165e24
src/mouse_button.rs	321e2ceabd41bc495d42d2dbd4687b3172aa4d09
src/traits/ascii_keyboard_context.rs	18360e6dcfca69714c004c421377dc81fd9f54f6
src/traits/fallible_context.rs	afd45f2c3c22dbf6498dca9099d5276a9df2e5e3
src/traits/keyboard_context.rs	52e4861c13aaaa2a8f3db23aa4fe9b1116c98d85
src/traits/mod.rs	4d2edd4f9a0dba04451fb2de6925d24f15343ded
src/traits/mouse_context.rs	387b6c4a951b5d90d985b6aaeb4cccd4e3d612f9
src/traits/screen_context.rs	a29e48b2298302811d89a639688dced422b2164e
src/traits/unicode_keyboard_context.rs	d8e7aa72ed96a6f460ae8babad3fac69837a76b3
src/utils/mod.rs	6d879b19943adb2e73510b038c852c5a222c2f98
src/utils/non_zero.rs	82afad42ebe838afe60d517d9ff8e4f6b02777d1
src/windows/error.rs	b82b449777327b7f987783c1d55e17187d4cb3e1
src/windows/ffi/errhandlingapi.rs	7af0ca13e0293d39d0c475864942124bfcf0b760
src/windows/ffi/mod.rs	3a8f5e31d21a04ea3b42977a61ddf9df85dda95f
src/windows/ffi/types.rs	65fc37ed1585b2b0f810682e8c572d9665a00bcd
src/windows/ffi/winbase.rs	246574615c6794178c066b6e53dad498612b3631
src/windows/ffi/winuser.rs	830a29db7e81d3f003a2db213ceaaed2b579ec15
src/windows/keyboard.rs	5adae77258175cbf40c047fd400e80aa4e08b278
src/windows/mod.rs	08fddfc80b87c04b12872eaf0494790d5f9ce830
src/windows/mouse.rs	1da6189026ec2d791b13499e73d4cd29f4176470
src/windows/screen.rs	9d0711c5bdf41d4f6e8083d617c989fbb669e760
