protoc	com.google.protobuf	protoc	3.20.1	protoc-3.20.1-linux-x86_64.exe	5463176	4231ac3fdd77303614df205612445f222fc30ec282002543d9541a2ed75257fe	500
jar	com.google.protobuf	protobuf-java	3.22.3	protobuf-java-3.22.3.jar	1676712	59d388ea6a2d2d76ae8efff7fd4d0c60c6f0f464c3d3ab9be8e5add092975708	400
jar	io.grpc	grpc-api	1.57.0	grpc-api-1.57.0.jar	292600	8d2c384299f84ee8aa7f670f00e7cb26b87e231cf3091474307b32b76910f71c	400
jar	io.grpc	grpc-context	1.57.0	grpc-context-1.57.0.jar	293	953fcacd82f531e69b76e3834f5830bad4c22ae84144e058d71dc80a7430275d	400
jar	io.grpc	grpc-core	1.57.0	grpc-core-1.57.0.jar	742649	3bee48c73bc4c5b55bed79be0e484adf26ba56bebbe5798ddbf34714ef1e1cea	400
jar	io.grpc	grpc-netty	1.57.0	grpc-netty-1.57.0.jar	284862	81d43f2d4ed18fa341bd840a3735f1403a70074a046e157e27f679b721b4c9ad	400
jar	io.grpc	grpc-protobuf	1.57.0	grpc-protobuf-1.57.0.jar	5210	49f986d4eab12610fdba4a6890fca52d5eb653598916fdb863a366d5e28eecf7	400
jar	io.grpc	grpc-protobuf-lite	1.57.0	grpc-protobuf-lite-1.57.0.jar	7809	2c507c02d981b84a21763d44e09af4f279881dd3e25be3080f6361258607f198	400
jar	io.grpc	grpc-stub	1.57.0	grpc-stub-1.57.0.jar	50923	6e6ee141539fa14d9fa479f7f511605544443c7e011e78e273cf9468aa183060	400
jar	com.google.api.grpc	proto-google-common-protos	2.17.0	proto-google-common-protos-2.17.0.jar	1950990	4ef1fe0c327fc1521d1d753b0b1c4a875a54bd14ebded3afff0ca395320b6ea9	400
jar	io.netty	netty-buffer	4.1.93.Final	netty-buffer-4.1.93.Final.jar	305449	007c7d9c378df02d390567d0d7ddf542ffddb021b7313dbf502392113ffabb08	400
jar	io.netty	netty-codec	4.1.93.Final	netty-codec-4.1.93.Final.jar	345166	990c378168dc6364c6ff569701f4f2f122fffe8998b3e189eba4c4d868ed1084	400
jar	io.netty	netty-codec-http	4.1.93.Final	netty-codec-http-4.1.93.Final.jar	656555	dacf78ce78ab2d29570325db4cd2451ea589639807de95881a0fa7155a9e6b55	400
jar	io.netty	netty-codec-http2	4.1.93.Final	netty-codec-http2-4.1.93.Final.jar	483282	d96cc09045a1341c6d47494352aa263b87b72fb1d2ea9eca161aa73820bfe8bb	400
jar	io.netty	netty-codec-socks	4.1.93.Final	netty-codec-socks-4.1.93.Final.jar	120708	0ea47b5ba23ca1da8eb9146c8fc755c1271414633b1e2be2ce1df764ba0fff2a	400
jar	io.netty	netty-common	4.1.93.Final	netty-common-4.1.93.Final.jar	659312	443bb316599fb16e3baeba2fb58881814d7ff0b7af176fe76e38071a6e86f8c0	400
jar	io.netty	netty-handler	4.1.93.Final	netty-handler-4.1.93.Final.jar	554189	4e5f563ae14ed713381816d582f5fcfd0615aefb29203486cdfb782d8a00a02b	400
jar	io.netty	netty-handler-proxy	4.1.93.Final	netty-handler-proxy-4.1.93.Final.jar	25484	2ac5f7fbefa0b73ef783889069344d5515505a14b2303be693c5002c486df2b4	400
jar	io.netty	netty-resolver	4.1.93.Final	netty-resolver-4.1.93.Final.jar	37787	e59770b66e81822e5d111ac4e544d7eb0c543e0a285f52628e53941acd8ed759	400
jar	io.netty	netty-transport	4.1.93.Final	netty-transport-4.1.93.Final.jar	488587	a5a78019bc1cd43dbc3c7b7cdd3801912ca26d1f498fb560514fee497864ba96	400
jar	io.netty	netty-transport-native-unix-common	4.1.93.Final	netty-transport-native-unix-common-4.1.93.Final.jar	43894	774165a1c4dbaacb17f9c1ad666b3569a6a59715ae828e7c3d47703f479a53e7	400
jar	com.google.guava	guava	32.0.1-jre	guava-32.0.1-jre.jar	3037368	bd7fa227591fb8509677d0d1122cf95158f3b8a9f45653f58281d879f6dc48c5	400
jar	com.google.guava	failureaccess	1.0.1	failureaccess-1.0.1.jar	4617	a171ee4c734dd2da837e4b16be9df4661afab72a41adaf31eb84dfdaf936ca26	400
jar	com.google.guava	listenablefuture	9999.0-empty-to-avoid-conflict-with-guava	listenablefuture-9999.0-empty-to-avoid-conflict-with-guava.jar	2199	b372a037d4230aa57fbeffdef30fd6123f9c0c2db85d0aced00c91b974f33f99	400
jar	com.google.code.findbugs	jsr305	3.0.2	jsr305-3.0.2.jar	19936	766ad2a0783f2687962c8ad74ceecc38a28b9f72a2d085ee438b7813e928d0c7	400
jar	com.google.code.gson	gson	2.10.1	gson-2.10.1.jar	283367	4241c14a7727c34feea6507ec801318a3d4a90f070e4525681079fb94ee4c593	400
jar	com.google.android	annotations	4.1.1.4	annotations-4.1.1.4.jar	3120	ba734e1e84c09d615af6a09d33034b4f0442f8772dec120efb376d86a565ae15	400
jar	com.google.errorprone	error_prone_annotations	2.18.0	error_prone_annotations-2.18.0.jar	16017	9e6814cb71816988a4fd1b07a993a8f21bb7058d522c162b1de849e19bea54ae	400
jar	com.google.j2objc	j2objc-annotations	2.8	j2objc-annotations-2.8.jar	9301	f02a95fa1a5e95edb3ed859fd0fb7df709d121a35290eff8b74dce2ab7f4d6ed	400
jar	org.checkerframework	checker-qual	3.33.0	checker-qual-3.33.0.jar	223979	e316255bbfcd9fe50d165314b85abb2b33cb2a66a93c491db648e498a82c2de1	400
jar	org.codehaus.mojo	animal-sniffer-annotations	1.23	animal-sniffer-annotations-1.23.jar	3109	9ffe526bf43a6348e9d8b33b9cd6f580a7f5eed0cf055913007eda263de974d0	400
jar	io.perfmark	perfmark-api	0.26.0	perfmark-api-0.26.0.jar	6816	b7d23e93a34537ce332708269a0d1404788a5b5e1949e82f5535fce51b3ea95b	400
